{
  "n_trials": 30,
  "n_features_v2": 994,
  "best_params": {
    "rf": {
      "n_estimators": 500,
      "max_depth": 14,
      "min_samples_split": 4,
      "min_samples_leaf": 3,
      "max_features": 0.3,
      "bootstrap": false
    },
    "xgb": {
      "n_estimators": 1100,
      "max_depth": 4,
      "learning_rate": 0.048189213238580546,
      "subsample": 0.8787285418507224,
      "colsample_bytree": 0.4945457183693173,
      "reg_alpha": 1.9809310941934146,
      "reg_lambda": 0.6692840166879787,
      "min_child_weight": 9
    },
    "mlp": {
      "hidden_layer_sizes": [
        192,
        112
      ],
      "activation": "tanh",
      "alpha": 0.635374964687094,
      "learning_rate_init": 0.00869832693793297,
      "max_iter": 700
    },
    "lgbm": {
      "n_estimators": 1100,
      "max_depth": 6,
      "learning_rate": 0.05864129169696527,
      "num_leaves": 70,
      "min_child_samples": 22,
      "subsample": 0.9847923138822793,
      "colsample_bytree": 0.8650796940166687,
      "reg_alpha": 4.9830438374949075,
      "reg_lambda": 2.9794544625913595
    },
    "cat": {
      "iterations": 1200,
      "depth": 5,
      "learning_rate": 0.03608674422337171,
      "l2_leaf_reg": 1.0318894129833471,
      "subsample": 0.5351039006964238,
      "random_strength": 0.0225784210141058
    }
  },
  "cv_metrics": {
    "rf": {
      "R2": 0.986154031941424,
      "RMSE": 0.5300326891063889,
      "MAE": 0.19400770778174373,
      "n": 3551
    },
    "xgb": {
      "R2": 0.988333149510778,
      "RMSE": 0.48653916840826045,
      "MAE": 0.17867188617717336,
      "n": 3551
    },
    "mlp": {
      "R2": 0.9759181331963726,
      "RMSE": 0.6990143111564028,
      "MAE": 0.3738934929058744,
      "n": 3551
    },
    "lgbm": {
      "R2": 0.988428423385789,
      "RMSE": 0.4845485071170216,
      "MAE": 0.18442097984640865,
      "n": 3551
    },
    "cat": {
      "R2": 0.989112560346878,
      "RMSE": 0.47000650932129556,
      "MAE": 0.159158211710635,
      "n": 3551
    },
    "stack": {
      "R2": 0.989480781781793,
      "RMSE": 0.4619901589471618,
      "MAE": 0.15301667499769572,
      "n": 3551
    },
    "blend": {
      "R2": 0.9887986620994816,
      "RMSE": 0.47673379713258746,
      "MAE": 0.1640761255732701,
      "n": 3551
    }
  },
  "test_metrics": {
    "rf": {
      "R2": 0.9987449089872127,
      "RMSE": 0.15821775577292616,
      "MAE": 0.060940671945947336,
      "n": 711
    },
    "xgb": {
      "R2": 0.9993934355365983,
      "RMSE": 0.1099907317996966,
      "MAE": 0.07474818761569864,
      "n": 711
    },
    "mlp": {
      "R2": 0.9972135675795941,
      "RMSE": 0.23574466181401374,
      "MAE": 0.1555294829183686,
      "n": 711
    },
    "lgbm": {
      "R2": 0.999068957246053,
      "RMSE": 0.13627067976880597,
      "MAE": 0.08200942260682152,
      "n": 711
    },
    "cat": {
      "R2": 0.9994241935200849,
      "RMSE": 0.10716571949530683,
      "MAE": 0.0829690557786349,
      "n": 711
    },
    "stack": {
      "R2": 0.999484935171269,
      "RMSE": 0.10135578874211408,
      "MAE": 0.07391343963265605,
      "n": 711
    }
  },
  "meta_learner_coefs": {
    "rf": -0.08263650348035949,
    "xgb": 0.07854328065643272,
    "mlp": 0.043076215857966726,
    "lgbm": 0.36305289699243753,
    "cat": 0.5991603930612562
  },
  "meta_intercept": -0.024061197687636593
}