{
  "n_trials_per_model": 60,
  "cv_folds": 5,
  "best_params": {
    "rf": {
      "n_estimators": 500,
      "max_depth": 14,
      "min_samples_split": 4,
      "min_samples_leaf": 3,
      "max_features": 0.3,
      "bootstrap": false
    },
    "xgb": {
      "n_estimators": 1100,
      "max_depth": 4,
      "learning_rate": 0.048189213238580546,
      "subsample": 0.8787285418507224,
      "colsample_bytree": 0.4945457183693173,
      "reg_alpha": 1.9809310941934146,
      "reg_lambda": 0.6692840166879787,
      "min_child_weight": 9
    },
    "mlp": {
      "hidden_layer_sizes": [
        192,
        112
      ],
      "activation": "tanh",
      "alpha": 0.635374964687094,
      "learning_rate_init": 0.00869832693793297,
      "max_iter": 700
    }
  },
  "cv_metrics": {
    "rf": {
      "R2": 0.9862841631476432,
      "RMSE": 0.5275360553808061,
      "MAE": 0.19703100672155285,
      "n": 3551
    },
    "xgb": {
      "R2": 0.9886608300949742,
      "RMSE": 0.4796579242521379,
      "MAE": 0.1806362036128262,
      "n": 3551
    },
    "mlp": {
      "R2": 0.981806278158448,
      "RMSE": 0.6075776189887315,
      "MAE": 0.3127867210411939,
      "n": 3551
    },
    "stack": {
      "R2": 0.9891016128499097,
      "RMSE": 0.4702427495304353,
      "MAE": 0.1693080249293199,
      "n": 3551
    },
    "blend": {
      "R2": 0.9885559493011781,
      "RMSE": 0.48187109821825597,
      "MAE": 0.17800906715033918,
      "n": 3551
    }
  },
  "test_metrics": {
    "rf": {
      "R2": 0.9986722234103269,
      "RMSE": 0.16273467980239362,
      "MAE": 0.06219246513418691,
      "n": 711
    },
    "xgb": {
      "R2": 0.9994144417807848,
      "RMSE": 0.10806937773286052,
      "MAE": 0.07325162143675644,
      "n": 711
    },
    "mlp": {
      "R2": 0.9884132063039526,
      "RMSE": 0.48072781067519726,
      "MAE": 0.23680699472796085,
      "n": 711
    },
    "stack": {
      "R2": 0.9988884889947149,
      "RMSE": 0.14889307308958294,
      "MAE": 0.08455581675962649,
      "n": 711
    }
  },
  "baseline_gridsearch": {
    "test_rf": {
      "R2": 0.9848017914146656,
      "RMSE": 0.550571606209224,
      "MAE": 0.22685323793353462,
      "n": 711
    },
    "test_xgb": {
      "R2": 0.9887657808958809,
      "RMSE": 0.47335727375906145,
      "MAE": 0.16675809185012205,
      "n": 711
    },
    "cv": {
      "rf_cv_R2_mean": 0.9839384262281798,
      "rf_cv_R2_std": 0.006867518417888945,
      "xgb_cv_R2_mean": 0.9883173617367907,
      "xgb_cv_R2_std": 0.005075444872843233
    },
    "best_params": {
      "rf": {
        "max_depth": null,
        "min_samples_split": 2,
        "n_estimators": 600
      },
      "xgb": {
        "learning_rate": 0.1,
        "max_depth": 4,
        "n_estimators": 800
      }
    }
  }
}