{
  "n_trials": 30,
  "n_features_v2": 994,
  "best_params": {
    "rf": {
      "n_estimators": 500,
      "max_depth": 14,
      "min_samples_split": 4,
      "min_samples_leaf": 3,
      "max_features": 0.3,
      "bootstrap": false
    },
    "xgb": {
      "n_estimators": 1100,
      "max_depth": 4,
      "learning_rate": 0.048189213238580546,
      "subsample": 0.8787285418507224,
      "colsample_bytree": 0.4945457183693173,
      "reg_alpha": 1.9809310941934146,
      "reg_lambda": 0.6692840166879787,
      "min_child_weight": 9
    },
    "mlp": {
      "hidden_layer_sizes": [
        192,
        112
      ],
      "activation": "tanh",
      "alpha": 0.635374964687094,
      "learning_rate_init": 0.00869832693793297,
      "max_iter": 700
    },
    "lgbm": {
      "n_estimators": 1100,
      "max_depth": 6,
      "learning_rate": 0.05864129169696527,
      "num_leaves": 70,
      "min_child_samples": 22,
      "subsample": 0.9847923138822793,
      "colsample_bytree": 0.8650796940166687,
      "reg_alpha": 4.9830438374949075,
      "reg_lambda": 2.9794544625913595
    },
    "cat": {
      "iterations": 1300,
      "depth": 9,
      "learning_rate": 0.06310556576568033,
      "l2_leaf_reg": 1.62669058962324,
      "subsample": 0.926119174180189,
      "random_strength": 0.7532395458314046
    }
  },
  "cv_metrics": {
    "rf": {
      "R2": 0.995123042376041,
      "RMSE": 0.25772575540350806,
      "MAE": 0.13534117983915825,
      "n": 29513
    },
    "xgb": {
      "R2": 0.9962013242543714,
      "RMSE": 0.22745707088035208,
      "MAE": 0.10213396112704737,
      "n": 29513
    },
    "mlp": {
      "R2": 0.9912240051746182,
      "RMSE": 0.34572557648837804,
      "MAE": 0.20770089112343748,
      "n": 29513
    },
    "lgbm": {
      "R2": 0.9967496487703665,
      "RMSE": 0.21040132802205336,
      "MAE": 0.08290894903884467,
      "n": 29513
    },
    "cat": {
      "R2": 0.9969322612272584,
      "RMSE": 0.20440547204021972,
      "MAE": 0.0657924780034562,
      "n": 29513
    },
    "stack": {
      "R2": 0.9970807610481217,
      "RMSE": 0.199396785563096,
      "MAE": 0.06449497652958479,
      "n": 29513
    },
    "blend": {
      "R2": 0.9966690232615688,
      "RMSE": 0.21299486343077223,
      "MAE": 0.08730450559848467,
      "n": 29513
    }
  },
  "test_metrics": {
    "rf": {
      "R2": 0.998675474518168,
      "RMSE": 0.13569832083905106,
      "MAE": 0.07905726397804672,
      "n": 5903
    },
    "xgb": {
      "R2": 0.9987087624375217,
      "RMSE": 0.13398228813710353,
      "MAE": 0.08614594176629314,
      "n": 5903
    },
    "mlp": {
      "R2": 0.9933574653922578,
      "RMSE": 0.3038863743195965,
      "MAE": 0.19276572624120702,
      "n": 5903
    },
    "lgbm": {
      "R2": 0.9993600694609932,
      "RMSE": 0.09432150739839323,
      "MAE": 0.05408271521112973,
      "n": 5903
    },
    "cat": {
      "R2": 0.9998816017309995,
      "RMSE": 0.040571119463723056,
      "MAE": 0.0314468276692062,
      "n": 5903
    },
    "stack": {
      "R2": 0.9997872228361822,
      "RMSE": 0.054388467583030974,
      "MAE": 0.03648406875964112,
      "n": 5903
    }
  },
  "meta_learner_coefs": {
    "rf": -0.04860345033786391,
    "xgb": -0.04209779249606706,
    "mlp": 0.03271491374175306,
    "lgbm": 0.4424521091702549,
    "cat": 0.6170445746556494
  },
  "meta_intercept": -0.03982684200994413
}