{
  "n_library": 29513,
  "n_descriptors": 994,
  "n_anchors": 59,
  "anchor_rf_train": {
    "r2": 0.9358680871775852,
    "mae": 1.0901627118644048,
    "n_train": 59
  },
  "empirical_formula": {
    "r2": 0.5149869059570531,
    "mae": 3.6797703715742935,
    "coefs": {
      "HOMO_proxy": -0.9307512945558148,
      "dipole_proxy": 4.5635435353432054,
      "n_O": -1.2927258372588317,
      "n_N": 3.095616405158352,
      "n_F": -2.8702136668724676,
      "intercept": 23.24071867227574
    }
  },
  "dn_label": {
    "mean": 25.731995029893124,
    "std": 3.690484029163474,
    "min": 0.0,
    "max": 38.0
  },
  "confidence_distribution": {
    "high": 21529,
    "medium": 6857,
    "low": 1127
  }
}