{
  "n_library": 3551,
  "n_descriptors": 236,
  "n_anchors": 58,
  "anchor_rf_train": {
    "r2": 0.9473752266989701,
    "mae": 1.0574862068965445,
    "n_train": 58
  },
  "empirical_formula": {
    "r2": 0.6558413879249437,
    "mae": 3.230495923549434,
    "coefs": {
      "HOMO_proxy": -0.2484217518668103,
      "dipole_proxy": 0.40479042211153105,
      "n_O": -1.639623656752653,
      "n_N": 3.0209125140545243,
      "n_F": -3.4661844111145745,
      "intercept": 24.16478479477414
    }
  },
  "dn_label": {
    "mean": 23.181730240982382,
    "std": 4.504441928042882,
    "min": 0.0,
    "max": 38.0
  },
  "confidence_distribution": {
    "high": 2338,
    "medium": 1023,
    "low": 190
  }
}