{
  "rng": {
    "n_bits": 1000000,
    "p_lsb1": 0.499936,
    "entropy_lsb_bits": 0.9999999881785568,
    "transition_prob": 0.5005845005845005
  },
  "correlation": {
    "lag1_rho": 0.8970347377176612,
    "lag10_rho": 0.3737760757113161,
    "lag50_rho": 0.028614356729359604,
    "all_lags": {
      "lags": [
        1,
        2,
        3,
        4,
        5,
        6,
        7,
        8,
        9,
        10,
        11,
        12,
        13,
        14,
        15,
        16,
        17,
        18,
        19,
        20,
        21,
        22,
        23,
        24,
        25,
        26,
        27,
        28,
        29,
        30,
        31,
        32,
        33,
        34,
        35,
        36,
        37,
        38,
        39,
        40,
        41,
        42,
        43,
        44,
        45,
        46,
        47,
        48,
        49,
        50
      ],
      "rhos": [
        0.8970347377176612,
        0.8058437594515302,
        0.725306851691891,
        0.6486400938072313,
        0.5868286988079631,
        0.5285454197033251,
        0.4789857648555886,
        0.4356082626494393,
        0.40365864971526216,
        0.3737760757113161,
        0.34281748472660184,
        0.31050065771562,
        0.28184199883563593,
        0.25476016380219596,
        0.2336533563126551,
        0.21736399953631297,
        0.20010205120866298,
        0.1908734069374555,
        0.1741615832031854,
        0.16175216068951426,
        0.16027971999422316,
        0.16059147127826812,
        0.15909917465949083,
        0.15059378849446312,
        0.14640537838027876,
        0.15035162157287532,
        0.14675168822432566,
        0.14087857545205565,
        0.1342464621870472,
        0.12543365414972996,
        0.11356048462552418,
        0.10285806676662294,
        0.09390796239114758,
        0.08684416860472878,
        0.08245768384803809,
        0.08314637113053722,
        0.08491298693541391,
        0.08716892145838998,
        0.08731757464573306,
        0.08761047429193847,
        0.08448692038918071,
        0.0766560705352032,
        0.06658595987208646,
        0.06285262397157436,
        0.05398543252402611,
        0.043542213016312906,
        0.03702246438275319,
        0.034963383600619784,
        0.03334207928804014,
        0.028614356729359604
      ]
    }
  },
  "drift": {
    "first_mean": 24.6104050378594,
    "last_mean": 25.036886664014386,
    "abs_drift": 0.42648162615498464,
    "rel_drift": 0.017329321703519585
  },
  "robustness": {
    "mean_baseline": 24.948521501617382,
    "mean_biased": 22.744329213103804,
    "mean_shift": -2.2041922885135783,
    "std_baseline": 1.1895098634009045,
    "std_biased": 1.0962153095459173
  },
  "timestamp": "2026-06-20 00:14:19"
}