{
  "test_rf": {
    "R2": 0.9848017914146656,
    "RMSE": 0.550571606209224,
    "MAE": 0.22685323793353462,
    "n": 711
  },
  "test_xgb": {
    "R2": 0.9887657808958809,
    "RMSE": 0.47335727375906145,
    "MAE": 0.16675809185012205,
    "n": 711
  },
  "cv": {
    "rf_cv_R2_mean": 0.9839384262281798,
    "rf_cv_R2_std": 0.006867518417888945,
    "xgb_cv_R2_mean": 0.9883173617367907,
    "xgb_cv_R2_std": 0.005075444872843233
  },
  "best_params": {
    "rf": {
      "max_depth": null,
      "min_samples_split": 2,
      "n_estimators": 600
    },
    "xgb": {
      "learning_rate": 0.1,
      "max_depth": 4,
      "n_estimators": 800
    }
  }
}