{
  "test_rf": {
    "R2": 0.9951675049456725,
    "RMSE": 0.25919703175476483,
    "MAE": 0.12312438591264228,
    "n": 5903
  },
  "test_xgb": {
    "R2": 0.9971159762936791,
    "RMSE": 0.20023672230870243,
    "MAE": 0.07995499652932041,
    "n": 5903
  },
  "cv": {
    "rf_cv_R2_mean": 0.9952184591074668,
    "rf_cv_R2_std": 0.000543208625731914,
    "xgb_cv_R2_mean": 0.9964409037244201,
    "xgb_cv_R2_std": 0.0009562725734839847
  },
  "best_params": {
    "rf": {
      "max_depth": null,
      "min_samples_split": 2,
      "n_estimators": 600
    },
    "xgb": {
      "learning_rate": 0.1,
      "max_depth": 6,
      "n_estimators": 800
    }
  }
}